Dataset,Samples,RMSE,MAE,R2,MAPE,DirectionAccuracy
Train,2488,0.012587027029965522,0.009046508930623531,0.0024030208587646484,202.2198,55.82797427652733
Validation,445,0.019294795333761293,0.014558257535099983,0.0011237859725952148,9458.875,51.23595505617977
Test,705,0.01649567110104878,0.011234931647777557,-0.0012596845626831055,18940.164,55.46099290780142
