Dataset,Samples,RMSE,MAE,R2,MAPE,DirectionAccuracy
Train,2739,3.645055042732384,2.7607993028075994,0.9920447159557426,12.191506875415907,50.03652300949598
Validation,503,30.499058572201,22.422753715135944,-0.2601747565184134,15.14878993287806,50.199203187250994
Test,706,35.44638112897483,29.365409926719774,0.3008011160246825,16.06505871993881,49.9290780141844
