Dataset,Samples,RMSE,MAE,R2,MAPE,DirectionAccuracy
Train,2488,0.015327780678783239,0.010769293643534184,0.01386326551437378,116.981445,56.35048231511254
Validation,445,0.021188042907753436,0.016111105680465698,0.00052642822265625,107.97382,51.01123595505618
Test,705,0.02975969711734452,0.019648179411888123,-0.006493687629699707,1501.4417,51.06382978723404
