Dataset,Samples,RMSE,MAE,R2,MAPE,DirectionAccuracy
Train,2739,1.800445305053092,1.394640458069739,0.991639743917621,4.799021972359898,50.87655222790358
Validation,503,40.63719922863428,37.88161796129958,-4.247264646108096,30.936439634504037,50.59760956175299
Test,706,77.86116389891313,70.40106658287156,-3.5959809284781423,42.98398246373103,45.39007092198582
