Dataset,Samples,RMSE,MAE,R2,MAPE,DirectionAccuracy
Train,1889,0.01529120149881948,0.01041578222066164,0.018423616886138916,135.19583,53.20275277924827
Validation,445,0.032300998596477844,0.02112017199397087,-0.0017391443252563477,118.91354,48.98876404494382
Test,705,0.024366330932450758,0.015771254897117615,-0.024026155471801758,25187.03,46.241134751773046
