Dataset,Samples,RMSE,MAE,R2,MAPE,DirectionAccuracy
Train,2739,4.228199040703217,3.155982685681023,0.9930751952109147,6.68025088570806,50.58436815193572
Validation,503,74.76715128925557,66.95586791142792,-4.8162375207262755,24.2660332507334,49.800796812749006
Test,706,204.0244270657473,190.20676763604789,-6.7004363095919075,46.67397486471648,51.205673758865245
