Dataset,Samples,RMSE,MAE,R2,MAPE,DirectionAccuracy
Train,2739,10.230113740038648,7.466209472379096,0.9951619113680367,11.186260169770069,51.4609203798393
Validation,503,107.4383211244318,90.81710800261905,0.5330250091607966,23.351363678478165,49.800796812749006
Test,706,361.82369180157565,261.5808969124856,-0.39764353712061684,29.248232243250726,52.198581560283685
