Dataset,Samples,RMSE,MAE,R2,MAPE,DirectionAccuracy
Train,2488,0.018101250226231505,0.012339449487626553,0.0005531907081604004,134.93283,54.90353697749196
Validation,445,0.035013478506531755,0.02691570483148098,-0.0008058547973632812,32976.137,51.68539325842697
Test,705,0.0321417726245538,0.022715948522090912,-0.006206989288330078,23370.715,55.88652482269504
