Dataset,Samples,RMSE,MAE,R2,MAPE,DirectionAccuracy
Train,2488,0.01092146961079906,0.0072561283595860004,0.011519551277160645,236.80891,55.58681672025724
Validation,445,0.019397282852995867,0.013408290222287178,0.003420531749725342,111.50812,49.66292134831461
Test,705,0.027197334068595744,0.015873664990067482,-0.005830883979797363,21430.018,51.205673758865245
