Dataset,Samples,RMSE,MAE,R2,MAPE,DirectionAccuracy
Train,2366,0.024824004039166007,0.01767883449792862,0.011775195598602295,141.61473,54.437869822485204
Validation,445,0.038000872261124405,0.028024455532431602,-0.008464694023132324,116.88534,51.68539325842697
Test,705,0.03848779328061214,0.028247348964214325,-0.008166074752807617,141.85432,51.91489361702127
